{
  "version": 1,
  "author": "Anonymous maker",
  "editor": "wokwi",
  "parts": [
    { "type": "board-esp32-devkit-c-v4", "id": "esp", "top": 0, "left": -273.56, "attrs": {} },
    {
      "type": "wokwi-lcd1602",
      "id": "lcd1",
      "top": -32,
      "left": 24.8,
      "attrs": { "pins": "i2c" }
    },
    {
      "type": "wokwi-pushbutton",
      "id": "btn1",
      "top": 169.4,
      "left": -76.8,
      "attrs": { "color": "green", "xray": "1" }
    },
    {
      "type": "wokwi-pushbutton",
      "id": "btn2",
      "top": 265.4,
      "left": -67.2,
      "attrs": { "color": "red", "xray": "1" }
    },
    {
      "type": "wokwi-resistor",
      "id": "r1",
      "top": 91.2,
      "left": -96.55,
      "rotate": 90,
      "attrs": { "value": "1000" }
    },
    {
      "type": "wokwi-resistor",
      "id": "r2",
      "top": 90.35,
      "left": -115.2,
      "rotate": 90,
      "attrs": { "value": "1000" }
    }
  ],
  "connections": [
    [ "esp:TX", "$serialMonitor:RX", "", [] ],
    [ "esp:RX", "$serialMonitor:TX", "", [] ],
    [ "lcd1:GND", "esp:GND.2", "black", [ "h0" ] ],
    [ "lcd1:VCC", "esp:3V3", "red", [ "h-105.6", "v-38.3", "h-201.6", "v48", "h9.45" ] ],
    [ "lcd1:VCC", "r2:1", "red", [ "h0" ] ],
    [ "lcd1:VCC", "r1:1", "red", [ "h0" ] ],
    [ "esp:21", "lcd1:SDA", "green", [ "h28.8", "v-57.8" ] ],
    [ "esp:22", "lcd1:SCL", "green", [ "h0" ] ],
    [ "r1:2", "btn1:1.l", "green", [ "v-1.2", "h-9.6" ] ],
    [ "r2:2", "btn2:1.l", "green", [ "h-0.55", "v153.25" ] ],
    [ "esp:GND.3", "btn2:2.r", "black", [ "h38.4", "v76.8", "h153.6", "v144" ] ],
    [ "esp:GND.3", "btn1:2.r", "black", [ "h38.4", "v76.8", "h153.6", "v38.2" ] ],
    [ "esp:2", "btn2:1.l", "green", [ "h28.8", "v115.2" ] ]
  ],
  "dependencies": {}
}